<?xml version='1.0' encoding='UTF-8'?>
<!DOCTYPE hibernate-configuration PUBLIC
          "-//Hibernate/Hibernate Configuration DTD 3.0//EN"
          "http://hibernate.sourceforge.net/hibernate-configuration-3.0.dtd">

<!-- Generated by MyEclipse Hibernate Tools.                   -->
<hibernate-configuration>

<session-factory>
	<property name="connection.username">scott</property>
	<property name="connection.url">
		jdbc:oracle:thin:@127.0.0.1:1521:ORCL
	</property>
	<property name="dialect">
		org.hibernate.dialect.Oracle9Dialect
	</property>
	<property name="myeclipse.connection.profile">oracle</property>
	<property name="connection.password">tiger</property>
	<property name="connection.driver_class">
		oracle.jdbc.driver.OracleDriver
	</property>
	<mapping resource="com/domain/Account.hbm.xml" />
	<mapping resource="com/domain/Signon.hbm.xml" />
	<mapping resource="com/domain/Category.hbm.xml" />
	<mapping resource="com/domain/Item.hbm.xml" />
	<mapping resource="com/domain/Product.hbm.xml" />
	<mapping resource="com/domain/Cart.hbm.xml" />
	<mapping resource="com/domain/Orders.hbm.xml" />
	<mapping resource="com/domain/Lineitem.hbm.xml" />
	<mapping resource="com/domain/Views.hbm.xml" />
	<mapping resource="com/domain/Admin.hbm.xml" />
</session-factory>

</hibernate-configuration>