<?xml version="1.0" encoding="UTF-8"?>
<!DOCTYPE struts PUBLIC
	"-//Apache Software Foundation//DTD Struts Configuration 2.3//EN"
	"http://struts.apache.org/dtds/struts-2.3.dtd">
<struts>
	<package name="struts" extends="json-default">
	
		<!-- 登录验证 -->
		<action name="loginAction" class="com.action.LoginAction" method="login">
			<result name="success" type="json"></result>
			<result name="false" type="json"></result>
		</action>
		
		<!--注册账号是否存在  -->
		<action name="registerAction" class="com.action.RegisterAction" method="register">
			<result name="success" type="json"></result>
			<result name="false" type="json"></result>
		</action>
		
		<!-- 注册信息保存 -->
		<action name="saveInfoAction" class="com.action.SaveInfoAction" method="saveInfo">
			<result name="success" type="json"></result>
			<result name="false" type="json"></result>
		</action>
		
		<!-- 修改密码 -->
		<action name="updateInfoAction" class="com.action.RegisterAction" method="updateInfo">
			<result name="success" type="json"></result>
			<result name="false" type="json"></result>
		</action>
		<!-- 注销 -->
		<action name="logoutAction" class="com.action.LoginAction" method="logout">
			<result name="success" type="json"></result>
			<result name="false" type="json"></result>
		</action>
		
		<!-- 菜品查询 -->
		<action name="queryProductAction" class="com.action.CategoryAction" method="queryProduct">
			<result name="success">/category.jsp</result>
		</action>
		
		<!-- 所有商家查询 -->
		<action name="allCategoryAction" class="com.action.CategoryAction" method="allCategory">
			<result name="success">/resturants.jsp</result>
		</action>
		
		<!-- 验证是否登录 -->
		<action name="vertifyAction" class="com.action.LoginAction" method="vertify">
			<result name="success" type="json"></result>
			<result name="false" type="json"></result>
		</action>
		
		<!-- 购物车添加商品 -->
		<action name="addCartAction" class="com.action.CartAction" method="addCart">
			<result name="success">/cart.jsp</result>
			<result name="false">/cat.jsp</result>
		</action>
		
		<!-- 购物车查询商品 -->
		<action name="queryCartAction" class="com.action.CartAction" method="queryCart">
			<result name="success">/cart.jsp</result>
			<result name="false">/cart.jsp</result>
		</action>
		
		<!-- 购物车删除商品 -->
		<action name="delCartAction" class="com.action.CartAction" method="delCart">
			<result name="success">/cart.jsp</result>
		</action>
		
		<!-- 购物车付款核对信息 -->
		<action name="cartCheckoutAction" class="com.action.CartAction" method="cartCheckout">
			<result name="success">/checkout.jsp</result>
		</action>
		
		<!-- 保存订单 -->
		<action name="saveOrderAction" class="com.action.OrderAction" method="saveOrder">
			<result name="success" type="json"></result>
		</action>
		
		<!-- 确认下单 -->
		<action name="payAction" class="com.action.OrderAction" method="payOrder">
			<result name="success">/orderPayment.jsp</result>
		</action>
		
		<!-- 订单详情 -->
		<action name="orderSuccessAction" class="com.action.OrderAction" method="orderSuccess">
			<result name="success">/orderDetails.jsp</result>
		</action>
		
		<!-- 查询订单-->
		<action name="queryOrderAction" class="com.action.OrderAction" method="queryOrders">
			<result name="success">/orders.jsp</result>
		</action>
		
		<!-- 根据 订单号查询订单详情-->
		<action name="queryOrdersByOrderidAction" class="com.action.OrderAction" method="queryOrdersByOrderid">
			<result name="success">/orderDetails.jsp</result>
		</action>
		
		<!-- 根据 订单号评价订单-->
		<action name="commentAction" class="com.action.OrderAction" method="comment">
			<result name="success">/evaluate.jsp</result>
		</action>
		
		<!-- 评价订单-->
		<action name="saveCommentAction" class="com.action.OrderAction" method="saveComment">
			<result name="success" type="json"></result>
			<result name="false" type="json"></result>
		</action>
		
		<!-- 管理员登录 -->
		
		<action name="adminLoginAction" class="com.action.LoginAction" method="adminLogin">
			<result name="success" type="json"></result>
			<result name="false" type="json"></result>
		</action>
		
		<!-- 管理员注销 -->
		<action name="adminLogoutAction" class="com.action.LoginAction" method="adminlogout">
			<result name="success">/admin/login.jsp</result>
		</action>
		
		<!-- 管理员商品列表 -->
		<action name="queryItemsAction" class="com.action.CategoryAction" method="queryItems">
			<result name="success">/admin/productlist.jsp</result>
		</action>
		
		<!-- 管理员修改商品 -->
		<action name="updateItemAction" class="com.action.CategoryAction" method="updateItem">
			<result name="success" type="redirectAction">
				<param name="actionName">queryItemsAction</param>
			</result>
		</action>
		
		<!-- 管理员添加商品 -->
		<action name="saveItemAction" class="com.action.CategoryAction" method="saveItem">
			<result name="success" type="redirectAction">
				<param name="actionName">queryItemsAction</param>
			</result>
		</action>
		
		
		<!-- 管理员商品列表删除 -->
		<action name="delItemsAction" class="com.action.CategoryAction" method="delItem">
			<result name="success" type="redirectAction">
				<param name="actionName">queryItemsAction</param>
			</result>
		</action>
		
		<!-- 管理员订单列表 -->
		<action name="queryOrdersAction" class="com.action.OrderAction" method="queryAllOrders">
			<result name="success">/admin/orderlist.jsp</result>
		</action>
		
		<!-- 管理员处理订单 -->
		<action name="updateOrderAction" class="com.action.OrderAction" method="updateOrder">
			<result name="success" type="redirectAction">
				<param name="actionName">queryOrdersAction</param>
			</result>
		</action>
		
		<!-- 管理员留言列表 -->
		<action name="queryViewsAction" class="com.action.CategoryAction" method="queryViews">
			<result name="success">/admin/userComments.jsp</result>
		</action>
		
		
		<!-- 管理员会员列表 -->
		<action name="queryUsersAction" class="com.action.LoginAction" method="queryAllUsers">
			<result name="success">/admin/userlist.jsp</result>
		</action>
		
	</package>
</struts>