<?xml version="1.0" encoding="utf-8"?>
<!DOCTYPE hibernate-mapping PUBLIC "-//Hibernate/Hibernate Mapping DTD 3.0//EN"
"http://hibernate.sourceforge.net/hibernate-mapping-3.0.dtd">
<!-- 
    Mapping file autogenerated by MyEclipse Persistence Tools
-->
<hibernate-mapping>
    <class name="com.domain.Account" table="ACCOUNT" schema="SCOTT">
        <id name="userid" type="java.lang.String">
            <column name="USERID" length="80" />
            <generator class="assigned" />
        </id>
        <property name="email" type="java.lang.String">
            <column name="EMAIL" length="80" not-null="true" />
        </property>
        <property name="status" type="java.lang.String">
            <column name="STATUS" length="2" />
        </property>
        <property name="phone" type="java.lang.String">
            <column name="PHONE" length="80" not-null="true" />
        </property>
    </class>
</hibernate-mapping>
