<?xml version="1.0" encoding="utf-8"?>
<!DOCTYPE hibernate-mapping PUBLIC "-//Hibernate/Hibernate Mapping DTD 3.0//EN"
"http://hibernate.sourceforge.net/hibernate-mapping-3.0.dtd">
<!-- 
    Mapping file autogenerated by MyEclipse Persistence Tools
-->
<hibernate-mapping>
    <class name="com.domain.Admin" table="ADMIN" schema="SCOTT">
        <id name="username" type="java.lang.String">
            <column name="USERNAME" length="80" />
            <generator class="assigned" />
        </id>
        <property name="pwd" type="java.lang.String">
            <column name="PWD" length="80" not-null="true" />
        </property>
    </class>
</hibernate-mapping>
