<?xml version="1.0" encoding="utf-8"?>
<!DOCTYPE hibernate-mapping PUBLIC "-//Hibernate/Hibernate Mapping DTD 3.0//EN"
"http://hibernate.sourceforge.net/hibernate-mapping-3.0.dtd">
<!-- 
    Mapping file autogenerated by MyEclipse Persistence Tools
-->
<hibernate-mapping>
    <class name="com.domain.Cart" table="CART" schema="SCOTT">
        <id name="id" type="java.lang.Long">
            <column name="ID" precision="22" scale="0" />
            <generator class="sequence">
            	<param name="sequence">myseq</param>
            </generator>
        </id>
        <property name="itemid" type="java.lang.String">
            <column name="ITEMID" length="10" not-null="true" />
        </property>
        <property name="quantity" type="java.lang.Long">
            <column name="QUANTITY" precision="22" scale="0" />
        </property>
        <property name="userid" type="java.lang.String">
            <column name="USERID" length="25" not-null="true" />
        </property>
    </class>
</hibernate-mapping>
