<?xml version="1.0" encoding="utf-8"?>
<!DOCTYPE hibernate-mapping PUBLIC "-//Hibernate/Hibernate Mapping DTD 3.0//EN"
"http://hibernate.sourceforge.net/hibernate-mapping-3.0.dtd">
<!-- 
    Mapping file autogenerated by MyEclipse Persistence Tools
-->
<hibernate-mapping>
    <class name="com.domain.Category" table="CATEGORY" schema="SCOTT">
        <id name="catid" type="java.lang.String">
            <column name="CATID" length="10" />
            <generator class="assigned" />
        </id>
        <property name="name" type="java.lang.String">
            <column name="NAME" length="80" />
        </property>
        <property name="descn" type="java.lang.String">
            <column name="DESCN" />
        </property>
        <property name="content" type="java.lang.String">
            <column name="CONTENT" length="80" />
        </property>
    </class>
</hibernate-mapping>
