<?xml version="1.0" encoding="utf-8"?>
<!DOCTYPE hibernate-mapping PUBLIC "-//Hibernate/Hibernate Mapping DTD 3.0//EN"
"http://hibernate.sourceforge.net/hibernate-mapping-3.0.dtd">
<!-- 
    Mapping file autogenerated by MyEclipse Persistence Tools
-->
<hibernate-mapping>
    <class name="com.domain.Item" table="ITEM" schema="SCOTT">
        <id name="itemid" type="java.lang.String">
            <column name="ITEMID" length="10" />
            <generator class="sequence">
            	<param name="sequence">myseq</param>
            </generator>
        </id>
        <property name="productid" type="java.lang.String">
            <column name="PRODUCTID" length="10" not-null="true" />
        </property>
        <property name="listprice" type="java.lang.Double">
            <column name="LISTPRICE" precision="10" />
        </property>
        <property name="unitcost" type="java.lang.Double">
            <column name="UNITCOST" precision="10" />
        </property>
        <property name="supplier" type="java.lang.Long">
            <column name="SUPPLIER" precision="22" scale="0" />
        </property>
        <property name="status" type="java.lang.String">
            <column name="STATUS" length="2" />
        </property>
        <property name="attr1" type="java.lang.String">
            <column name="ATTR1" length="80" />
        </property>
        <property name="attr2" type="java.lang.String">
            <column name="ATTR2" length="80" />
        </property>
        <property name="attr3" type="java.lang.String">
            <column name="ATTR3" length="80" />
        </property>
        <property name="attr4" type="java.lang.String">
            <column name="ATTR4" length="80" />
        </property>
        <property name="attr5" type="java.lang.String">
            <column name="ATTR5" length="80" />
        </property>
    </class>
</hibernate-mapping>
