<?xml version="1.0" encoding="utf-8"?>
<!DOCTYPE hibernate-mapping PUBLIC "-//Hibernate/Hibernate Mapping DTD 3.0//EN"
"http://hibernate.sourceforge.net/hibernate-mapping-3.0.dtd">
<!-- 
    Mapping file autogenerated by MyEclipse Persistence Tools
-->
<hibernate-mapping>
    <class name="com.domain.Lineitem" table="LINEITEM" schema="SCOTT">
        <composite-id name="id" class="com.domain.LineitemId">
            <key-property name="orderid" type="java.lang.Long">
                <column name="ORDERID" precision="22" scale="0" />
            </key-property>
            <key-property name="itemid" type="java.lang.String">
                <column name="ITEMID" length="10" />
            </key-property>
        </composite-id>
        <property name="quantity" type="java.lang.Long">
            <column name="QUANTITY" precision="22" scale="0" not-null="true" />
        </property>
        <property name="unitprice" type="java.lang.Double">
            <column name="UNITPRICE" precision="10" not-null="true" />
        </property>
    </class>
</hibernate-mapping>
