<?xml version="1.0" encoding="utf-8"?>
<!DOCTYPE hibernate-mapping PUBLIC "-//Hibernate/Hibernate Mapping DTD 3.0//EN"
"http://hibernate.sourceforge.net/hibernate-mapping-3.0.dtd">
<!-- 
    Mapping file autogenerated by MyEclipse Persistence Tools
-->
<hibernate-mapping>
    <class name="com.domain.Orders" table="ORDERS" schema="SCOTT">
       <id name="orderid" type="java.lang.Long">
            <column name="ORDERID" precision="22" scale="0" />
            <generator class="sequence">
            	<param name="sequence">myseq</param>
            </generator>
        </id>
        <property name="userid" type="java.lang.String">
            <column name="USERID" length="80" not-null="true" />
        </property>
        <property name="orderdate" type="java.lang.String">
            <column name="ORDERDATE" length="80" not-null="true" />
        </property>
        <property name="totalprice" type="java.lang.Double">
            <column name="TOTALPRICE" precision="10" not-null="true" />
        </property>
        <property name="creditcard" type="java.lang.String">
            <column name="CREDITCARD" length="80" />
        </property>
        <property name="status" type="java.lang.String">
            <column name="STATUS" length="80" not-null="true" />
        </property>
        <property name="tel" type="java.lang.String">
            <column name="TEL" length="80" />
        </property>
        <property name="loc" type="java.lang.String">
            <column name="LOC" length="80" />
        </property>
        <property name="sex" type="java.lang.String">
            <column name="SEX" length="10" />
        </property>
        <property name="username" type="java.lang.String">
            <column name="USERNAME" length="80" />
        </property>
    </class>
</hibernate-mapping>
