<?xml version="1.0" encoding="utf-8"?>
<!DOCTYPE hibernate-mapping PUBLIC "-//Hibernate/Hibernate Mapping DTD 3.0//EN"
"http://hibernate.sourceforge.net/hibernate-mapping-3.0.dtd">
<!-- 
    Mapping file autogenerated by MyEclipse Persistence Tools
-->
<hibernate-mapping>
    <class name="com.domain.Product" table="PRODUCT" schema="SCOTT">
        <id name="productid" type="java.lang.String">
            <column name="PRODUCTID" length="10" />
            <generator class="assigned" />
        </id>
        <property name="category" type="java.lang.String">
            <column name="CATEGORY" length="10" not-null="true" />
        </property>
        <property name="name" type="java.lang.String">
            <column name="NAME" length="80" />
        </property>
        <property name="descn" type="java.lang.String">
            <column name="DESCN" />
        </property>
    </class>
</hibernate-mapping>
