<?xml version="1.0" encoding="utf-8"?>
<!DOCTYPE hibernate-mapping PUBLIC "-//Hibernate/Hibernate Mapping DTD 3.0//EN"
"http://hibernate.sourceforge.net/hibernate-mapping-3.0.dtd">
<!-- 
    Mapping file autogenerated by MyEclipse Persistence Tools
-->
<hibernate-mapping>
    <class name="com.domain.Signon" table="SIGNON" schema="SCOTT">
        <id name="userid" type="java.lang.String">
            <column name="USERID" length="25" />
            <generator class="assigned" />
        </id>
        <property name="password" type="java.lang.String">
            <column name="PASSWORD" length="25" not-null="true" />
        </property>
    </class>
</hibernate-mapping>
