<?xml version="1.0" encoding="utf-8"?>
<!DOCTYPE hibernate-mapping PUBLIC "-//Hibernate/Hibernate Mapping DTD 3.0//EN"
"http://hibernate.sourceforge.net/hibernate-mapping-3.0.dtd">
<!-- 
    Mapping file autogenerated by MyEclipse Persistence Tools
-->
<hibernate-mapping>
    <class name="com.domain.Views" table="VIEWS" schema="SCOTT">
        <id name="orderid" type="java.lang.Long">
            <column name="ORDERID" precision="22" scale="0" />
            <generator class="assigned" />
        </id>
        <property name="userid" type="java.lang.String">
            <column name="USERID" length="80" />
        </property>
        <property name="comments" type="java.lang.String">
            <column name="COMMENTS" length="80" />
        </property>
    </class>
</hibernate-mapping>
